Label,Material,Sub_Thk_um,Lgd_um,Buf_um,FP_Type,Coss_300V,Coss_600V,Coss_900V,Coss_1200V,Coss_1500V,Coer_300V,Coer_600V,Coer_900V,Coer_1200V,Coer_1500V,Eoer_300V,Eoer_600V,Eoer_900V,Eoer_1200V,Eoer_1500V,Cotr_300V,Cotr_600V,Cotr_900V,Cotr_1200V,Cotr_1500V,Eotr_300V,Eotr_600V,Eotr_900V,Eotr_1200V,Eotr_1500V,Crss_300V,Crss_600V,Crss_900V,Crss_1200V,Crss_1500V,Qgd_300V,Qgd_600V,Qgd_900V,Qgd_1200V,Qgd_1500V
Lgd10.0_Buf5.0_Sapphire 5.0µm_GS-FP,Sapphire,5.0,10.0,5.0,GS-FP,0.5983,0.5973,0.5973,0.5973,0.5973,0.9067,0.6747,0.6317,0.6167,0.6097,40.8019,121.4507,255.8528,444.0158,685.9397,2.0963,1.3469,1.0970,0.9721,0.8972,94.3351,242.4379,444.2982,699.9193,1009.3013,0.0755,0.0754,0.0754,0.0754,0.0754,0.2300,0.2526,0.2752,0.2979,0.3205
Lgd15.0_Buf5.0_Sapphire 5.0µm_GS-FP,Sapphire,5.0,15.0,5.0,GS-FP,0.9517,0.5088,0.5087,0.5087,0.5087,1.3348,0.8076,0.6416,0.5835,0.5566,60.0652,145.3677,259.8355,420.0874,626.1255,2.6501,1.6554,1.2732,1.0821,0.9674,119.2548,297.9754,515.6441,779.0979,1088.3380,0.0753,0.0353,0.0353,0.0353,0.0353,0.2650,0.2794,0.2900,0.3006,0.3112
Lgd20.0_Buf5.0_Sapphire 5.0µm_GS-FP,Sapphire,5.0,20.0,5.0,GS-FP,1.4078,0.7872,0.4939,0.4939,0.4939,1.7912,1.2481,0.8437,0.6906,0.6198,80.6028,224.6581,341.6960,497.2675,697.2875,3.1114,2.1075,1.5801,1.3086,1.1456,140.0109,379.3437,639.9593,942.1770,1288.8435,0.0761,0.0276,0.0157,0.0157,0.0157,0.2673,0.2822,0.2873,0.2920,0.2967
Lgd10.0_Buf5.0_Sapphire 50.0µm_GS-FP,Sapphire,50.0,10.0,5.0,GS-FP,0.5632,0.5632,0.5632,0.5632,0.5632,0.7528,0.6106,0.5842,0.5750,0.5707,33.8753,109.9014,236.6104,414.0029,642.0790,1.8357,1.1994,0.9873,0.8813,0.8177,82.6062,215.8967,399.8704,634.5277,919.8686,0.1583,0.1583,0.1583,0.1583,0.1583,0.2469,0.2944,0.3419,0.3894,0.4368
Lgd15.0_Buf5.0_Sapphire 50.0µm_GS-FP,Sapphire,50.0,15.0,5.0,GS-FP,0.8779,0.4738,0.4199,0.4199,0.4199,1.0856,0.7551,0.5737,0.5064,0.4753,48.8533,135.9108,232.3461,364.6196,534.6844,2.1948,1.4291,1.0962,0.9271,0.8257,98.7671,257.2405,443.9457,667.5125,928.8711,0.3284,0.1833,0.1625,0.1625,0.1625,0.3536,0.4298,0.4797,0.5285,0.5772
Lgd20.0_Buf5.0_Sapphire 50.0µm_GS-FP,Sapphire,50.0,20.0,5.0,GS-FP,N/A,N/A,N/A,N/A,N/A,N/A,N/A,N/A,N/A,N/A,N/A,N/A,N/A,N/A,N/A,N/A,N/A,N/A,N/A,N/A,N/A,N/A,N/A,N/A,N/A,N/A,N/A,N/A,N/A,N/A,N/A,N/A,N/A,N/A,N/A
Lgd10.0_Buf0.5_Sapphire 5.0µm_No FP,Sapphire,5.0,10.0,0.5,No FP,1.5625,0.7230,0.7230,0.7230,0.7230,2.0112,1.0856,0.8842,0.8137,0.7810,90.5056,195.4062,358.0900,585.8472,878.6778,2.3195,1.5591,1.2804,1.1411,1.0575,104.3763,280.6466,518.5802,821.5873,1189.6678,0.1482,0.0443,0.0443,0.0442,0.0442,0.1484,0.1639,0.1772,0.1904,0.2037
Lgd15.0_Buf0.5_Sapphire 5.0µm_No FP,Sapphire,5.0,15.0,0.5,No FP,2.5036,0.7190,0.7190,0.7190,0.7190,2.9563,1.4500,1.0439,0.9017,0.8359,133.0336,261.0010,422.7663,649.2377,940.4151,3.2633,2.1460,1.6703,1.4325,1.2898,146.8468,386.2724,676.4678,1031.3693,1450.9768,0.1472,0.0114,0.0114,0.0114,0.0114,0.1487,0.1568,0.1602,0.1636,0.1670
Lgd20.0_Buf0.5_Sapphire 5.0µm_No FP,Sapphire,5.0,20.0,0.5,No FP,3.3407,0.7069,0.7069,0.7069,0.7069,3.8926,1.8400,1.2105,0.9902,0.8882,175.1656,331.1972,490.2527,712.9302,999.2299,4.1763,2.7404,2.0626,1.7237,1.5203,187.9331,493.2700,835.3383,1241.0287,1710.3413,0.1297,0.0028,0.0028,0.0028,0.0028,0.1502,0.1568,0.1576,0.1585,0.1593
Lgd10.0_Buf5.0_Sapphire 5.0µm_No FP,Sapphire,5.0,10.0,5.0,No FP,0.9558,0.5020,0.5018,0.5018,0.5018,1.2517,0.8128,0.6400,0.5796,0.5516,56.3273,146.3069,259.2202,417.2925,620.5282,1.4778,1.0882,0.8927,0.7950,0.7364,66.5018,195.8684,361.5510,572.3950,828.4025,0.2114,0.0900,0.0900,0.0900,0.0900,0.1606,0.2021,0.2291,0.2561,0.2831
Lgd15.0_Buf5.0_Sapphire 5.0µm_No FP,Sapphire,5.0,15.0,5.0,No FP,1.4093,0.8414,0.4918,0.4918,0.4918,1.7053,1.2704,0.8617,0.6999,0.6250,76.7399,228.6754,348.9938,503.9220,703.1147,1.9299,1.5450,1.2110,1.0312,0.9233,86.8454,278.0938,490.4486,742.4618,1038.7399,0.2119,0.0764,0.0388,0.0388,0.0388,0.1607,0.2037,0.2169,0.2285,0.2402
Lgd20.0_Buf5.0_Sapphire 5.0µm_No FP,Sapphire,5.0,20.0,5.0,No FP,1.9858,1.3559,0.4879,0.4879,0.4879,2.1932,1.7443,1.1819,0.8783,0.7378,98.6920,313.9662,478.6857,632.3794,829.9838,2.4017,2.0146,1.5979,1.3204,1.1539,108.0754,362.6298,647.1391,950.6772,1298.1267,0.2648,0.0869,0.0171,0.0171,0.0171,0.1671,0.2116,0.2218,0.2270,0.2321
Lgd10.0_Buf0.5_Sapphire 50.0µm_No FP,Sapphire,50.0,10.0,0.5,No FP,0.9774,0.6255,0.4588,0.4588,0.4587,1.0906,0.8475,0.6579,0.5708,0.5305,49.0755,152.5556,266.4427,410.9616,596.7575,1.2617,1.0225,0.8527,0.7542,0.6951,56.7757,184.0510,345.3548,543.0555,782.0394,0.5706,0.3411,0.2475,0.2474,0.2473,0.2431,0.3750,0.4584,0.5326,0.6068
Lgd15.0_Buf0.5_Sapphire 50.0µm_No FP,Sapphire,50.0,15.0,0.5,No FP,1.0929,0.8071,0.6684,0.4136,0.4133,1.1994,0.9883,0.8470,0.7039,0.5993,53.9734,177.8862,343.0176,506.8017,674.2093,1.3667,1.1489,1.0125,0.8910,0.7955,61.5016,206.7969,410.0629,641.5288,894.9159,0.5944,0.4039,0.3238,0.1962,0.1961,0.2486,0.3937,0.5031,0.5786,0.6374
Lgd20.0_Buf0.5_Sapphire 50.0µm_No FP,Sapphire,50.0,20.0,0.5,No FP,1.2260,0.9934,0.7872,0.6239,0.3953,1.3422,1.1242,0.9846,0.8710,0.7414,60.3971,202.3593,398.7548,627.0968,834.1079,1.5013,1.2818,1.1469,1.0423,0.9372,67.5590,230.7226,464.5070,750.4779,1054.3102,0.6008,0.4428,0.3260,0.2484,0.1547,0.2521,0.3985,0.5108,0.6000,0.6611
Lgd10.0_Buf5.0_Sapphire 50.0µm_No FP,Sapphire,50.0,10.0,5.0,No FP,0.6417,0.3863,0.3862,0.3862,0.3862,0.8618,0.5841,0.4741,0.4357,0.4178,38.7815,105.1334,192.0251,313.6696,470.0686,1.0395,0.7746,0.6451,0.5804,0.5416,46.7776,139.4312,261.2821,417.8873,609.2474,0.3621,0.2100,0.2100,0.2099,0.2099,0.2044,0.2889,0.3519,0.4149,0.4779
Lgd15.0_Buf5.0_Sapphire 50.0µm_No FP,Sapphire,50.0,15.0,5.0,No FP,0.7717,0.5737,0.3880,0.3544,0.3544,0.9915,0.7549,0.6028,0.4942,0.4439,44.6163,135.8862,244.1211,355.8583,499.3735,1.1610,0.9248,0.7792,0.6731,0.6093,52.2450,166.4592,315.5604,484.6066,685.4889,0.3853,0.2684,0.1768,0.1614,0.1614,0.2098,0.3101,0.3776,0.4261,0.4745
Lgd20.0_Buf5.0_Sapphire 50.0µm_No FP,Sapphire,50.0,20.0,5.0,No FP,0.9460,0.7256,0.5808,0.4340,N/A,1.1099,0.8770,0.7417,0.6350,N/A,49.9450,157.8624,300.3693,457.1796,N/A,1.2770,1.0449,0.9092,0.8073,N/A,57.4652,188.0746,368.2313,581.2228,N/A,0.4450,0.3057,0.2331,0.1698,N/A,0.2179,0.3255,0.4038,0.4633,N/A
Lgd10.0_Buf0.5_Sapphire 500.0µm_No FP,Sapphire,500.0,10.0,0.5,No FP,0.8709,0.5618,0.4225,0.4222,0.4222,0.9753,0.7775,0.6186,0.5327,0.4929,43.8871,139.9588,250.5426,383.5610,554.5577,1.1392,0.9316,0.7871,0.6959,0.6411,51.2651,167.6915,318.7675,501.0346,721.2916,0.6141,0.3859,0.2887,0.2884,0.2883,0.2550,0.4061,0.5084,0.5949,0.6814
Lgd15.0_Buf0.5_Sapphire 500.0µm_No FP,Sapphire,500.0,15.0,0.5,No FP,0.9166,0.7457,0.6161,0.4641,0.3683,1.0193,0.8434,0.7347,0.6448,0.5498,45.8689,151.8158,297.5725,464.2223,618.5537,1.1788,0.9872,0.8752,0.7895,0.7080,53.0478,177.7049,354.4666,568.4209,796.5479,0.6360,0.5050,0.4119,0.3078,0.2442,0.2602,0.4234,0.5546,0.6609,0.7369
Lgd20.0_Buf0.5_Sapphire 500.0µm_No FP,Sapphire,500.0,20.0,0.5,No FP,0.9381,0.7543,0.6373,0.5585,0.4881,1.0501,0.8668,0.7676,0.6961,0.6350,47.2552,156.0257,310.8652,501.1742,714.3741,1.2023,1.0089,0.9032,0.8289,0.7687,54.1013,181.6012,365.7972,596.8272,864.8301,0.6519,0.5094,0.4251,0.3699,0.3215,0.2665,0.4335,0.5726,0.6935,0.7981
Lgd10.0_Buf5.0_Sapphire 500.0µm_No FP,Sapphire,500.0,10.0,5.0,No FP,0.5673,0.3539,0.3539,0.3539,0.3539,0.7792,0.5265,0.4306,0.3970,0.3815,35.0639,94.7759,174.3983,285.8663,429.1805,0.9430,0.7005,0.5850,0.5272,0.4925,42.4370,126.0982,236.9209,379.5906,554.1072,0.4012,0.2466,0.2466,0.2466,0.2465,0.2164,0.3128,0.3867,0.4607,0.5347
Lgd15.0_Buf5.0_Sapphire 500.0µm_No FP,Sapphire,500.0,15.0,5.0,No FP,0.7342,0.4734,0.3111,0.3106,0.3106,0.8346,0.6284,0.5037,0.4192,0.3801,37.5591,113.1097,203.9984,301.8536,427.6376,0.9904,0.7801,0.6565,0.5700,0.5181,44.5667,140.4154,265.8771,410.4216,582.9070,0.5167,0.3209,0.2094,0.2091,0.2091,0.2237,0.3410,0.4239,0.4866,0.5493
Lgd20.0_Buf5.0_Sapphire 500.0µm_No FP,Sapphire,500.0,20.0,5.0,No FP,0.7401,0.5317,0.4228,0.3487,0.2829,0.8553,0.6673,0.5628,0.4899,0.4224,38.4864,120.1135,227.9316,352.7332,475.2497,0.9948,0.8055,0.6977,0.6228,0.5590,44.7667,144.9967,282.5655,448.4081,628.9144,0.5068,0.3503,0.2759,0.2266,0.1837,0.2200,0.3437,0.4385,0.5162,0.5754
Lgd20.0_Buf5.0_Sapphire 500.0µm_No FP,Sapphire,500.0,20.0,5.0,No FP,0.7624,0.5238,0.4272,0.3524,N/A,0.8615,0.6705,0.5651,0.4923,N/A,38.7671,120.6973,228.8807,354.4786,N/A,1.0151,0.8158,0.7052,0.6290,N/A,45.6791,146.8387,285.5979,452.9131,N/A,0.5280,0.3478,0.2812,0.2310,N/A,0.2265,0.3511,0.4471,0.5260,N/A
Lgd10.0_Buf0.5_Silicon 5.0µm_No FP,Silicon,5.0,10.0,0.5,No FP,2.4716,2.2103,2.2111,2.1809,2.1820,2.4942,2.3384,2.4642,2.3478,2.2879,112.2395,420.9094,997.9817,1690.4105,2573.9057,2.8858,2.5962,2.5989,2.4990,2.4355,129.8628,467.3182,1052.5485,1799.2571,2739.8971,0.1580,0.0925,0.0908,0.0697,0.0676,0.0662,0.1016,0.1996,0.2243,0.2449
Lgd10.0_Buf5.0_Silicon 5.0µm_No FP,Silicon,5.0,10.0,5.0,No FP,0.7850,0.6117,0.6117,0.6117,0.6117,1.0242,0.7284,0.6636,0.6408,0.6303,46.0900,131.1048,268.7403,461.3976,709.1044,1.3703,1.0036,0.8730,0.8076,0.7684,61.6655,180.6494,353.5554,581.4962,864.4859,0.0713,0.0411,0.0411,0.0411,0.0411,0.1101,0.1237,0.1361,0.1485,0.1608
Lgd15.0_Buf5.0_Silicon 5.0µm_No FP,Silicon,5.0,15.0,5.0,No FP,0.9692,0.6112,0.6112,0.6112,0.6112,1.2058,0.7941,0.6924,0.6567,0.6403,54.2612,142.9337,280.4373,472.8022,720.3197,1.6523,1.1632,0.9791,0.8870,0.8319,74.3529,209.3691,396.5556,638.6651,935.8411,0.0537,0.0121,0.0121,0.0121,0.0121,0.1019,0.1075,0.1112,0.1150,0.1186
Lgd10.0_Buf0.5_Silicon 50.0µm_No FP,Silicon,50.0,10.0,0.5,No FP,2.0268,1.8203,1.8273,1.8054,1.9273,2.0381,1.8479,1.7913,1.8037,1.8077,91.7155,332.6227,725.4936,1298.6985,2033.6602,2.2196,2.0134,1.9198,1.8950,1.8788,99.8824,362.4106,777.5299,1364.3943,2113.6734,0.8726,0.7748,0.7621,0.7274,0.5111,0.2942,0.6359,0.9741,1.1982,1.4118
Lgd10.0_Buf5.0_Silicon 50.0µm_No FP,Silicon,50.0,10.0,5.0,No FP,0.7836,0.6108,0.6108,0.6108,0.6108,1.0198,0.7262,0.6619,0.6395,0.6292,45.8906,130.7165,268.0592,460.4595,707.8311,1.3620,0.9987,0.8692,0.8046,0.7659,61.2893,179.7574,352.0439,579.3349,861.5973,0.0727,0.0424,0.0424,0.0424,0.0423,0.1110,0.1251,0.1379,0.1506,0.1633
Lgd15.0_Buf5.0_Silicon 50.0µm_No FP,Silicon,50.0,15.0,5.0,No FP,0.9402,0.6104,0.6104,0.6104,0.6007,1.1980,0.7891,0.6898,0.6544,0.6385,53.9115,142.0371,279.3599,471.1622,718.2613,1.6393,1.1544,0.9731,0.8821,0.8277,73.7706,207.7987,394.0917,635.0884,931.1355,0.0769,0.0131,0.0131,0.0131,0.0255,0.1037,0.1107,0.1147,0.1191,0.1231
Lgd20.0_Buf5.0_Silicon 50.0µm_No FP,Silicon,50.0,20.0,5.0,No FP,1.0806,0.6109,0.6109,0.6109,0.5951,1.3311,0.8373,0.7114,0.6674,0.6467,59.8976,150.7156,288.0982,480.5305,727.5662,1.8811,1.2885,1.0625,0.9496,0.8817,84.6482,231.9304,430.3187,683.7196,991.9038,0.0448,0.0055,0.0055,0.0055,0.0259,0.0979,0.1015,0.1033,0.1050,0.1070
Lgd10.0_Buf5.0_Silicon 500.0µm_No FP,Silicon,500.0,10.0,5.0,No FP,0.4458,0.4458,0.4457,0.4457,0.4457,0.5798,0.4792,0.4602,0.4538,0.4508,26.0902,86.2589,186.3657,326.7244,507.1406,0.6624,0.5540,0.5177,0.4996,0.4888,29.8080,99.7276,209.6504,359.7352,549.9012,0.2700,0.2699,0.2699,0.2698,0.2698,0.1344,0.2154,0.2967,0.3777,0.4588
Lgd15.0_Buf5.0_Silicon 500.0µm_No FP,Silicon,500.0,15.0,5.0,No FP,0.9315,0.5948,0.5948,0.5948,0.5948,1.1413,0.7542,0.6643,0.6339,0.6188,51.3565,135.7642,269.0333,456.3991,696.1719,1.5320,1.0846,0.9206,0.8392,0.7897,68.9406,195.2283,372.8427,604.1898,888.4302,0.1048,0.0333,0.0333,0.0333,0.0333,0.1162,0.1331,0.1439,0.1539,0.1650
Lgd20.0_Buf5.0_Silicon 500.0µm_No FP,Silicon,500.0,20.0,5.0,No FP,1.0437,0.5981,0.5981,N/A,N/A,1.2599,0.8021,0.6868,N/A,N/A,56.6943,144.3816,278.1721,N/A,N/A,1.7246,1.1971,0.9962,N/A,N/A,77.6058,215.4770,403.4718,N/A,N/A,0.0718,0.0221,0.0221,N/A,N/A,0.1116,0.1225,0.1305,N/A,N/A
