Rank,Material,Lgd_um,Buf_um,Sub_Thk_um,FP_Type,Rds_on (Ohm.mm),Coer_600V (pF/mm),Vbr (V),FOM (Ohm.pF)
1,Silicon,10.0,5.0,500.0,Std,44.5609,0.4768,nan,21.25
2,Sapphire,10.0,5.0,500.0,Std,44.0772,0.5265,1096.6,23.21
3,Sapphire,10.0,0.5,500.0,Std,30.8603,0.7776,1814.2,24.00
4,Sapphire,10.0,5.0,50.0,Std,44.0764,0.5841,1138.9,25.74
5,Sapphire,10.0,0.5,50.0,Std,30.8713,0.8475,1937.2,26.16
6,Sapphire,10.0,5.0,50.0,GS_FP,44.0764,0.6106,nan,26.91
7,Silicon,10.0,5.0,50.0,Std,44.5609,0.7169,1012.3,31.95
8,Silicon,10.0,5.0,5.0,Std,44.5609,0.7264,1012.3,32.37
9,Silicon,20.0,5.0,500.0,Std,42.4143,0.7660,1042.7,32.49
10,Sapphire,10.0,0.5,5.0,Std,30.9714,1.0856,1137.5,33.62
11,Silicon,20.0,5.0,50.0,Std,42.4143,0.8294,1042.7,35.18
12,Sapphire,10.0,5.0,5.0,Std,44.0760,0.8128,1457.9,35.83
13,Sapphire,15.0,5.0,500.0,Std,60.7967,0.6284,1587.9,38.20
14,Sapphire,15.0,0.5,500.0,Std,45.4307,0.8434,2063.9,38.32
15,Silicon,15.0,5.0,500.0,Std,61.4625,0.7207,1036.9,44.30
16,Sapphire,15.0,0.5,50.0,Std,45.4236,0.9883,2298.5,44.89
17,Sapphire,15.0,5.0,50.0,Std,60.7953,0.7549,1661.6,45.90
18,Sapphire,15.0,5.0,50.0,GS_FP,60.7953,0.7551,nan,45.90
19,Silicon,15.0,5.0,50.0,Std,61.4625,0.7765,1036.9,47.73
20,Silicon,15.0,5.0,5.0,Std,61.4625,0.7917,1036.9,48.66
21,Sapphire,20.0,0.5,500.0,Std,58.0630,0.8668,2957.9,50.33
22,Silicon,10.0,0.5,50.0,Std,31.3121,1.8269,753.6,57.20
23,Sapphire,20.0,5.0,500.0,Std,88.7479,0.6705,1936.4,59.51
24,Sapphire,20.0,0.5,50.0,Std,58.0502,1.1242,2633.1,65.26
25,Sapphire,15.0,0.5,5.0,Std,45.3475,1.4500,1314.9,65.75
26,Sapphire,20.0,5.0,5.0,Std,41.9528,1.7443,1664.5,73.18
27,Sapphire,15.0,5.0,5.0,Std,60.7938,1.2704,1480.1,77.23
28,Silicon,10.0,0.5,5.0,Std,31.3121,2.4721,542.2,77.41
29,Sapphire,20.0,5.0,50.0,Std,88.7252,0.8770,2102.0,77.81
30,Sapphire,20.0,0.5,5.0,Std,57.9034,1.8400,1289.6,106.54
31,Sapphire,20.0,5.0,50.0,GS_FP,88.7252,3.9037,nan,346.36
